Tarih,Ürün Adı,Fiyat,Stok Durumu
2026-07-05 18:23:44,It's Only the Himalayas,Â£45.17,In stock
2026-07-05 18:23:44,Full Moon over Noahâs Ark: An Odyssey to Mount Ararat and Beyond,Â£49.43,In stock
2026-07-05 18:23:44,See America: A Celebration of Our National Parks & Treasured Sites,Â£48.87,In stock
2026-07-05 18:23:44,Vagabonding: An Uncommon Guide to the Art of Long-Term World Travel,Â£36.94,In stock
2026-07-05 18:23:44,Under the Tuscan Sun,Â£37.33,In stock
2026-07-05 18:23:44,A Summer In Europe,Â£44.34,In stock
2026-07-05 18:23:44,The Great Railway Bazaar,Â£30.54,In stock
2026-07-05 18:23:44,A Year in Provence (Provence #1),Â£56.88,In stock
2026-07-05 18:23:44,The Road to Little Dribbling: Adventures of an American in Britain (Notes From a Small Island #2),Â£23.21,In stock
2026-07-05 18:23:44,Neither Here nor There: Travels in Europe,Â£38.95,In stock
2026-07-05 18:23:44,"1,000 Places to See Before You Die",Â£26.08,In stock
2026-07-05 18:28:49,It's Only the Himalayas,Â£45.17,In stock
2026-07-05 18:28:49,Full Moon over Noahâs Ark: An Odyssey to Mount Ararat and Beyond,Â£49.43,In stock
2026-07-05 18:28:49,See America: A Celebration of Our National Parks & Treasured Sites,Â£48.87,In stock
2026-07-05 18:28:49,Vagabonding: An Uncommon Guide to the Art of Long-Term World Travel,Â£36.94,In stock
2026-07-05 18:28:49,Under the Tuscan Sun,Â£37.33,In stock
2026-07-05 18:28:49,A Summer In Europe,Â£44.34,In stock
2026-07-05 18:28:49,The Great Railway Bazaar,Â£30.54,In stock
2026-07-05 18:28:49,A Year in Provence (Provence #1),Â£56.88,In stock
2026-07-05 18:28:49,The Road to Little Dribbling: Adventures of an American in Britain (Notes From a Small Island #2),Â£23.21,In stock
2026-07-05 18:28:49,Neither Here nor There: Travels in Europe,Â£38.95,In stock
2026-07-05 18:28:49,"1,000 Places to See Before You Die",Â£26.08,In stock
2026-07-06 17:58:30,It's Only the Himalayas,Â£45.17,In stock
2026-07-06 17:58:30,Full Moon over Noahâs Ark: An Odyssey to Mount Ararat and Beyond,Â£49.43,In stock
2026-07-06 17:58:30,See America: A Celebration of Our National Parks & Treasured Sites,Â£48.87,In stock
2026-07-06 17:58:30,Vagabonding: An Uncommon Guide to the Art of Long-Term World Travel,Â£36.94,In stock
2026-07-06 17:58:30,Under the Tuscan Sun,Â£37.33,In stock
2026-07-06 17:58:30,A Summer In Europe,Â£44.34,In stock
2026-07-06 17:58:30,The Great Railway Bazaar,Â£30.54,In stock
2026-07-06 17:58:30,A Year in Provence (Provence #1),Â£56.88,In stock
2026-07-06 17:58:30,The Road to Little Dribbling: Adventures of an American in Britain (Notes From a Small Island #2),Â£23.21,In stock
2026-07-06 17:58:30,Neither Here nor There: Travels in Europe,Â£38.95,In stock
2026-07-06 17:58:30,"1,000 Places to See Before You Die",Â£26.08,In stock
2026-07-07 17:25:57,It's Only the Himalayas,Â£45.17,In stock
2026-07-07 17:25:57,Full Moon over Noahâs Ark: An Odyssey to Mount Ararat and Beyond,Â£49.43,In stock
2026-07-07 17:25:57,See America: A Celebration of Our National Parks & Treasured Sites,Â£48.87,In stock
2026-07-07 17:25:57,Vagabonding: An Uncommon Guide to the Art of Long-Term World Travel,Â£36.94,In stock
2026-07-07 17:25:57,Under the Tuscan Sun,Â£37.33,In stock
2026-07-07 17:25:57,A Summer In Europe,Â£44.34,In stock
2026-07-07 17:25:57,The Great Railway Bazaar,Â£30.54,In stock
2026-07-07 17:25:57,A Year in Provence (Provence #1),Â£56.88,In stock
2026-07-07 17:25:57,The Road to Little Dribbling: Adventures of an American in Britain (Notes From a Small Island #2),Â£23.21,In stock
2026-07-07 17:25:57,Neither Here nor There: Travels in Europe,Â£38.95,In stock
2026-07-07 17:25:57,"1,000 Places to See Before You Die",Â£26.08,In stock
2026-07-08 16:12:24,It's Only the Himalayas,Â£45.17,In stock
2026-07-08 16:12:24,Full Moon over Noahâs Ark: An Odyssey to Mount Ararat and Beyond,Â£49.43,In stock
2026-07-08 16:12:24,See America: A Celebration of Our National Parks & Treasured Sites,Â£48.87,In stock
2026-07-08 16:12:24,Vagabonding: An Uncommon Guide to the Art of Long-Term World Travel,Â£36.94,In stock
2026-07-08 16:12:24,Under the Tuscan Sun,Â£37.33,In stock
2026-07-08 16:12:24,A Summer In Europe,Â£44.34,In stock
2026-07-08 16:12:24,The Great Railway Bazaar,Â£30.54,In stock
2026-07-08 16:12:24,A Year in Provence (Provence #1),Â£56.88,In stock
2026-07-08 16:12:24,The Road to Little Dribbling: Adventures of an American in Britain (Notes From a Small Island #2),Â£23.21,In stock
2026-07-08 16:12:24,Neither Here nor There: Travels in Europe,Â£38.95,In stock
2026-07-08 16:12:24,"1,000 Places to See Before You Die",Â£26.08,In stock
2026-07-09 17:26:07,It's Only the Himalayas,Â£45.17,In stock
2026-07-09 17:26:07,Full Moon over Noahâs Ark: An Odyssey to Mount Ararat and Beyond,Â£49.43,In stock
2026-07-09 17:26:07,See America: A Celebration of Our National Parks & Treasured Sites,Â£48.87,In stock
2026-07-09 17:26:07,Vagabonding: An Uncommon Guide to the Art of Long-Term World Travel,Â£36.94,In stock
2026-07-09 17:26:07,Under the Tuscan Sun,Â£37.33,In stock
2026-07-09 17:26:07,A Summer In Europe,Â£44.34,In stock
2026-07-09 17:26:07,The Great Railway Bazaar,Â£30.54,In stock
2026-07-09 17:26:07,A Year in Provence (Provence #1),Â£56.88,In stock
2026-07-09 17:26:07,The Road to Little Dribbling: Adventures of an American in Britain (Notes From a Small Island #2),Â£23.21,In stock
2026-07-09 17:26:07,Neither Here nor There: Travels in Europe,Â£38.95,In stock
2026-07-09 17:26:07,"1,000 Places to See Before You Die",Â£26.08,In stock
2026-07-10 16:37:58,It's Only the Himalayas,Â£45.17,In stock
2026-07-10 16:37:58,Full Moon over Noahâs Ark: An Odyssey to Mount Ararat and Beyond,Â£49.43,In stock
2026-07-10 16:37:58,See America: A Celebration of Our National Parks & Treasured Sites,Â£48.87,In stock
2026-07-10 16:37:58,Vagabonding: An Uncommon Guide to the Art of Long-Term World Travel,Â£36.94,In stock
2026-07-10 16:37:58,Under the Tuscan Sun,Â£37.33,In stock
2026-07-10 16:37:58,A Summer In Europe,Â£44.34,In stock
2026-07-10 16:37:58,The Great Railway Bazaar,Â£30.54,In stock
2026-07-10 16:37:58,A Year in Provence (Provence #1),Â£56.88,In stock
2026-07-10 16:37:58,The Road to Little Dribbling: Adventures of an American in Britain (Notes From a Small Island #2),Â£23.21,In stock
2026-07-10 16:37:58,Neither Here nor There: Travels in Europe,Â£38.95,In stock
2026-07-10 16:37:58,"1,000 Places to See Before You Die",Â£26.08,In stock
2026-07-11 11:39:39,It's Only the Himalayas,Â£45.17,In stock
2026-07-11 11:39:39,Full Moon over Noahâs Ark: An Odyssey to Mount Ararat and Beyond,Â£49.43,In stock
2026-07-11 11:39:39,See America: A Celebration of Our National Parks & Treasured Sites,Â£48.87,In stock
2026-07-11 11:39:39,Vagabonding: An Uncommon Guide to the Art of Long-Term World Travel,Â£36.94,In stock
2026-07-11 11:39:39,Under the Tuscan Sun,Â£37.33,In stock
2026-07-11 11:39:39,A Summer In Europe,Â£44.34,In stock
2026-07-11 11:39:39,The Great Railway Bazaar,Â£30.54,In stock
2026-07-11 11:39:39,A Year in Provence (Provence #1),Â£56.88,In stock
2026-07-11 11:39:39,The Road to Little Dribbling: Adventures of an American in Britain (Notes From a Small Island #2),Â£23.21,In stock
2026-07-11 11:39:39,Neither Here nor There: Travels in Europe,Â£38.95,In stock
2026-07-11 11:39:39,"1,000 Places to See Before You Die",Â£26.08,In stock
